{
  "Total" : {
    "transaction" : "Total",
    "sampleCount" : 250,
    "errorCount" : 0,
    "errorPct" : 0.0,
    "meanResTime" : 11.651999999999992,
    "medianResTime" : 9.0,
    "minResTime" : 5.0,
    "maxResTime" : 316.0,
    "pct1ResTime" : 14.0,
    "pct2ResTime" : 17.44999999999999,
    "pct3ResTime" : 105.92000000000098,
    "throughput" : 25.489396411092986,
    "receivedKBytesPerSec" : 5.252209612051387,
    "sentKBytesPerSec" : 5.003289725224307
  },
  "HTTP Request" : {
    "transaction" : "HTTP Request",
    "sampleCount" : 250,
    "errorCount" : 0,
    "errorPct" : 0.0,
    "meanResTime" : 11.651999999999992,
    "medianResTime" : 9.0,
    "minResTime" : 5.0,
    "maxResTime" : 316.0,
    "pct1ResTime" : 14.0,
    "pct2ResTime" : 17.44999999999999,
    "pct3ResTime" : 105.92000000000098,
    "throughput" : 25.489396411092986,
    "receivedKBytesPerSec" : 5.252209612051387,
    "sentKBytesPerSec" : 5.003289725224307
  }
}